region,year,share_online
Центральный федеральный округ,2014,0.8
Белгородская область,2014,0.1
Брянская область,2014,0.1
Владимирская область,2014,0.9
Воронежская область,2014,0.3
Ивановская область,2014,0.1
Костромская область,2014,0.1
Курская область,2014,0.1
Липецкая область,2014,0.2
Московская область,2014,0.4
Орловская область,2014,0.2
Рязанская область,2014,0.1
Смоленская область,2014,0.1
Тамбовская область,2014,0.4
Тверская область,2014,4.2
Тульская область,2014,0.1
Ярославская область,2014,0.1
г.Москва,2014,1.1
Северо-Западный федеральный округ,2014,1.0
Республика Карелия,2014,0.9
Архангельская область,2014,0.2
Архангельская область (кроме Ненецкого автономного округа),2014,0.2
Вологодская область,2014,0.2
Ленинградская область,2014,0.6
Мурманская область,2014,0.3
г. Санкт-Петербург,2014,2.0
Южный федеральный округ,2014,0.5
Республика Адыгея,2014,0.1
Краснодарский край,2014,0.7
Астраханская область,2014,0.1
Волгоградская область,2014,0.1
Ростовская область,2014,0.7
Северо-Кавказский федеральный округ,2014,0.1
Кабардино-Балкарская Республика,2014,0.1
Карачаево-Черкесская Республика,2014,0.1
Республика Северная Осетия -Алания,2014,0.1
Чеченская Республика,2014,0.01
Ставропольский край,2014,0.1
Приволжский федеральный округ,2014,0.5
Республика Башкортостан,2014,0.1
Республика Марий Эл,2014,0.1
Республика Мордовия,2014,0.1
Республика Татарстан,2014,0.6
Удмуртская Республика,2014,0.2
Чувашская Республика,2014,0.1
Пермский край,2014,0.4
Кировская область,2014,0.1
Нижегородская область,2014,1.5
Пензенская область,2014,0.1
Самарская область,2014,0.7
Саратовская область,2014,0.5
Ульяновская область,2014,0.3
Уральский федеральный округ,2014,1.1
Курганская область,2014,0.2
Свердловская область,2014,1.4
Тюменская область,2014,0.3
в том числе: Ханты-Мансийский авт. округ,2014,0.3
Ямало-Ненецкий авт. округ,2014,0.3
Тюменская область без авт. округов,2014,0.4
Челябинская область,2014,1.9
Сибирский федеральный округ1),2014,0.8
Республика Алтай,2014,0.3
Республика Тыва,2014,0.7
Республика Хакасия,2014,0.2
Алтайский край,2014,0.1
Красноярский край,2014,2.4
Иркутская область,2014,0.4
Кемеровская область - Кузбасс,2014,0.2
Новосибирская область,2014,1.1
Омская область,2014,0.2
Томская область,2014,2.1
Дальневосточный федеральный округ1),2014,0.2
Республика Бурятия,2014,0.1
Приморский край,2014,0.2
Хабаровский край,2014,0.8
Центральный федеральный округ,2015,1.18
Белгородская область,2015,0.18
Брянская область,2015,0.19
Владимирская область,2015,0.85
Воронежская область,2015,0.62
Ивановская область,2015,0.13
Калужская область,2015,0.1
Костромская область,2015,0.2
Курская область,2015,0.1
Липецкая область,2015,0.16
Московская область,2015,0.51
Орловская область,2015,0.26
Рязанская область,2015,0.16
Смоленская область,2015,0.07
Тамбовская область,2015,0.45
Тверская область,2015,6.7
Тульская область,2015,0.25
Ярославская область,2015,0.11
г.Москва,2015,1.79
Северо-Западный федеральный округ,2015,0.88
Республика Карелия,2015,0.84
Республика Коми,2015,0.0
Архангельская область,2015,0.26
Ненецкий автономный округ (Архангельская область),2015,0.0
Архангельская область (кроме Ненецкого автономного округа),2015,0.27
Вологодская область,2015,0.62
Калининградская область,2015,0.09
Ленинградская область,2015,0.63
Мурманская область,2015,0.27
Псковская область,2015,0.01
г. Санкт-Петербург,2015,1.57
Южный федеральный округ,2015,0.53
Республика Адыгея,2015,0.12
Республика Крым,2015,0.12
Краснодарский край,2015,0.63
Астраханская область,2015,0.13
Волгоградская область,2015,0.19
Ростовская область,2015,0.79
г. Севастополь,2015,0.05
Северо-Кавказский федеральный округ,2015,0.06
Республика Дагестан,2015,0.03
Кабардино-Балкарская Республика,2015,0.05
Республика Северная Осетия -Алания,2015,0.02
Чеченская Республика,2015,0.01
Ставропольский край,2015,0.14
Приволжский федеральный округ,2015,0.59
Республика Башкортостан,2015,0.08
Республика Марий Эл,2015,0.07
Республика Мордовия,2015,0.08
Республика Татарстан,2015,1.09
Удмуртская Республика,2015,0.31
Чувашская Республика,2015,0.07
Пермский край,2015,0.35
Кировская область,2015,0.45
Нижегородская область,2015,1.42
Оренбургская область,2015,0.04
Пензенская область,2015,0.09
Самарская область,2015,0.83
Саратовская область,2015,0.51
Ульяновская область,2015,0.35
Уральский федеральный округ,2015,0.97
Курганская область,2015,0.21
Свердловская область,2015,1.37
Тюменская область,2015,0.34
в том числе: Ханты-Мансийский авт. округ,2015,0.31
Ямало-Ненецкий авт. округ,2015,0.3
Тюменская область без авт. округов,2015,0.39
Челябинская область,2015,1.35
Сибирский федеральный округ1),2015,1.43
Республика Алтай,2015,0.33
Республика Тыва,2015,0.7
Республика Хакасия,2015,0.01
Алтайский край,2015,0.23
Красноярский край,2015,1.99
Иркутская область,2015,0.5
Кемеровская область - Кузбасс,2015,0.11
Новосибирская область,2015,4.54
Омская область,2015,0.62
Томская область,2015,3.39
Дальневосточный федеральный округ1),2015,0.49
Республика Бурятия,2015,0.09
Республика Саха (Якутия),2015,0.0
Забайкальский край,2015,0.16
Камчатский край,2015,0.03
Приморский край,2015,0.53
Хабаровский край,2015,1.41
Амурская область,2015,0.07
Сахалинская область,2015,0.07
Центральный федеральный округ,2016,2.0
Белгородская область,2016,0.2
Брянская область,2016,0.3
Владимирская область,2016,0.8
Воронежская область,2016,0.7
Ивановская область,2016,0.3
Калужская область,2016,0.1
Костромская область,2016,0.2
Курская область,2016,0.1
Липецкая область,2016,0.2
Московская область,2016,2.6
Орловская область,2016,0.4
Рязанская область,2016,0.3
Смоленская область,2016,0.1
Тамбовская область,2016,0.5
Тверская область,2016,0.6
Тульская область,2016,0.4
Ярославская область,2016,0.3
г.Москва,2016,3.1
Северо-Западный федеральный округ,2016,1.0
Республика Карелия,2016,1.0
Республика Коми,2016,0.1
Архангельская область,2016,0.3
Ненецкий автономный округ (Архангельская область),2016,0.0
Архангельская область (кроме Ненецкого автономного округа),2016,0.3
Вологодская область,2016,0.7
Калининградская область,2016,0.1
Ленинградская область,2016,0.6
Мурманская область,2016,0.5
Новгородская область,2016,0.3
Псковская область,2016,0.5
г. Санкт-Петербург,2016,1.6
Южный федеральный округ,2016,0.6
Республика Адыгея,2016,0.1
Республика Крым,2016,0.1
Краснодарский край,2016,0.7
Астраханская область,2016,0.2
Волгоградская область,2016,0.4
Ростовская область,2016,0.9
г. Севастополь,2016,0.0
Северо-Кавказский федеральный округ,2016,0.1
Республика Дагестан,2016,0.0
Кабардино-Балкарская Республика,2016,0.1
Карачаево-Черкесская Республика,2016,0.0
Республика Северная Осетия -Алания,2016,0.0
Чеченская Республика,2016,0.0
Ставропольский край,2016,0.4
Приволжский федеральный округ,2016,0.6
Республика Башкортостан,2016,0.1
Республика Марий Эл,2016,0.1
Республика Мордовия,2016,0.1
Республика Татарстан,2016,1.3
Удмуртская Республика,2016,0.4
Чувашская Республика,2016,0.1
Пермский край,2016,0.4
Кировская область,2016,0.4
Нижегородская область,2016,1.3
Оренбургская область,2016,0.1
Пензенская область,2016,0.1
Самарская область,2016,0.9
Саратовская область,2016,0.8
Ульяновская область,2016,0.4
Уральский федеральный округ,2016,1.1
Курганская область,2016,0.2
Свердловская область,2016,1.7
Тюменская область,2016,0.4
в том числе: Ханты-Мансийский авт. округ,2016,0.3
Ямало-Ненецкий авт. округ,2016,0.3
Тюменская область без авт. округов,2016,0.4
Челябинская область,2016,1.4
Сибирский федеральный округ1),2016,1.4
Республика Алтай,2016,0.4
Республика Тыва,2016,0.8
Республика Хакасия,2016,0.2
Алтайский край,2016,0.2
Красноярский край,2016,1.7
Иркутская область,2016,0.5
Кемеровская область - Кузбасс,2016,0.2
Новосибирская область,2016,4.6
Омская область,2016,0.7
Томская область,2016,3.3
Дальневосточный федеральный округ1),2016,0.6
Республика Бурятия,2016,0.0
Республика Саха (Якутия),2016,0.0
Забайкальский край,2016,0.0
Камчатский край,2016,0.0
Приморский край,2016,0.6
Хабаровский край,2016,1.7
Амурская область,2016,0.1
Сахалинская область,2016,0.1
Центральный федеральный округ,2017,2.1
Белгородская область,2017,0.3
Брянская область,2017,0.3
Владимирская область,2017,0.8
Воронежская область,2017,0.9
Ивановская область,2017,0.5
Калужская область,2017,0.3
Костромская область,2017,0.2
Курская область,2017,0.2
Липецкая область,2017,0.2
Московская область,2017,2.9
Орловская область,2017,0.4
Рязанская область,2017,0.5
Смоленская область,2017,0.3
Тамбовская область,2017,0.5
Тверская область,2017,0.6
Тульская область,2017,0.4
Ярославская область,2017,0.3
г.Москва,2017,3.1
Северо-Западный федеральный округ,2017,1.2
Республика Карелия,2017,1.0
Республика Коми,2017,0.1
Архангельская область,2017,0.9
Ненецкий автономный округ (Архангельская область),2017,1.5
Архангельская область (кроме Ненецкого автономного округа),2017,0.8
Вологодская область,2017,0.9
Калининградская область,2017,0.2
Ленинградская область,2017,0.7
Мурманская область,2017,0.7
Новгородская область,2017,0.6
Псковская область,2017,0.6
г. Санкт-Петербург,2017,1.8
Южный федеральный округ,2017,0.6
Республика Адыгея,2017,0.2
Республика Калмыкия,2017,0.0
Республика Крым,2017,0.3
Краснодарский край,2017,0.6
Астраханская область,2017,0.2
Волгоградская область,2017,0.7
Ростовская область,2017,0.8
г. Севастополь,2017,0.0
Северо-Кавказский федеральный округ,2017,0.2
Республика Дагестан,2017,0.0
Кабардино-Балкарская Республика,2017,0.1
Карачаево-Черкесская Республика,2017,0.0
Республика Северная Осетия -Алания,2017,0.1
Чеченская Республика,2017,0.0
Ставропольский край,2017,0.7
Приволжский федеральный округ,2017,0.7
Республика Башкортостан,2017,0.1
Республика Марий Эл,2017,0.2
Республика Мордовия,2017,0.2
Республика Татарстан,2017,1.3
Удмуртская Республика,2017,0.4
Чувашская Республика,2017,0.3
Пермский край,2017,0.3
Кировская область,2017,0.5
Нижегородская область,2017,1.4
Оренбургская область,2017,0.1
Пензенская область,2017,0.2
Самарская область,2017,1.1
Саратовская область,2017,0.8
Ульяновская область,2017,0.3
Уральский федеральный округ,2017,1.1
Курганская область,2017,0.2
Свердловская область,2017,1.8
Тюменская область,2017,0.4
в том числе: Ханты-Мансийский авт. округ,2017,0.3
Ямало-Ненецкий авт. округ,2017,0.3
Тюменская область без авт. округов,2017,0.4
Челябинская область,2017,1.2
Сибирский федеральный округ1),2017,1.4
Республика Алтай,2017,0.4
Республика Тыва,2017,0.8
Республика Хакасия,2017,0.2
Алтайский край,2017,0.2
Красноярский край,2017,1.5
Иркутская область,2017,0.5
Кемеровская область - Кузбасс,2017,0.2
Новосибирская область,2017,4.8
Омская область,2017,0.9
Томская область,2017,3.4
Дальневосточный федеральный округ1),2017,0.6
Республика Бурятия,2017,0.0
Республика Саха (Якутия),2017,0.0
Забайкальский край,2017,0.1
Камчатский край,2017,0.1
Приморский край,2017,0.6
Хабаровский край,2017,1.9
Амурская область,2017,0.1
Сахалинская область,2017,0.1
Еврейская авт.область,2017,0.1
Центральный федеральный округ,2018,2.7
Белгородская область,2018,0.6
Брянская область,2018,0.4
Владимирская область,2018,0.8
Воронежская область,2018,1.1
Ивановская область,2018,0.7
Калужская область,2018,0.9
Костромская область,2018,0.6
Курская область,2018,0.5
Липецкая область,2018,0.5
Московская область,2018,4.9
Орловская область,2018,0.4
Рязанская область,2018,0.8
Смоленская область,2018,0.3
Тамбовская область,2018,0.5
Тверская область,2018,0.7
Тульская область,2018,0.5
Ярославская область,2018,0.4
г.Москва,2018,3.2
Северо-Западный федеральный округ,2018,2.5
Республика Карелия,2018,1.1
Республика Коми,2018,0.2
Архангельская область,2018,1.4
Ненецкий автономный округ (Архангельская область),2018,1.8
Архангельская область (кроме Ненецкого автономного округа),2018,1.4
Вологодская область,2018,1.3
Калининградская область,2018,0.2
Ленинградская область,2018,1.5
Мурманская область,2018,0.8
Новгородская область,2018,0.7
Псковская область,2018,0.5
г. Санкт-Петербург,2018,4.2
Южный федеральный округ,2018,0.6
Республика Адыгея,2018,0.8
Республика Калмыкия,2018,0.0
Республика Крым,2018,0.5
Краснодарский край,2018,0.6
Астраханская область,2018,0.3
Волгоградская область,2018,0.8
Ростовская область,2018,0.8
г. Севастополь,2018,0.1
Северо-Кавказский федеральный округ,2018,0.3
Республика Дагестан,2018,0.0
Кабардино-Балкарская Республика,2018,0.1
Карачаево-Черкесская Республика,2018,0.1
Республика Северная Осетия -Алания,2018,0.2
Чеченская Республика,2018,0.1
Ставропольский край,2018,0.7
Приволжский федеральный округ,2018,0.8
Республика Башкортостан,2018,0.2
Республика Марий Эл,2018,0.4
Республика Мордовия,2018,0.4
Республика Татарстан,2018,1.3
Удмуртская Республика,2018,0.4
Чувашская Республика,2018,0.7
Пермский край,2018,0.7
Кировская область,2018,0.5
Нижегородская область,2018,1.5
Оренбургская область,2018,0.2
Пензенская область,2018,0.3
Самарская область,2018,1.2
Саратовская область,2018,0.7
Ульяновская область,2018,0.3
Уральский федеральный округ,2018,1.3
Курганская область,2018,0.3
Свердловская область,2018,2.2
Тюменская область,2018,0.4
в том числе: Ханты-Мансийский авт. округ,2018,0.3
Ямало-Ненецкий авт. округ,2018,0.3
Тюменская область без авт. округов,2018,0.4
Челябинская область,2018,1.1
Сибирский федеральный округ1),2018,1.7
Республика Алтай,2018,0.7
Республика Тыва,2018,1.0
Республика Хакасия,2018,0.4
Алтайский край,2018,0.4
Красноярский край,2018,1.5
Иркутская область,2018,0.5
Кемеровская область - Кузбасс,2018,0.6
Новосибирская область,2018,4.8
Омская область,2018,1.1
Томская область,2018,3.3
Дальневосточный федеральный округ1),2018,0.4
Республика Бурятия,2018,0.1
Республика Саха (Якутия),2018,0.1
Забайкальский край,2018,0.1
Камчатский край,2018,0.2
Приморский край,2018,0.6
Хабаровский край,2018,0.8
Амурская область,2018,0.3
Магаданская область,2018,0.0
Сахалинская область,2018,0.1
Еврейская авт.область,2018,0.1
Центральный федеральный округ,2019,3.2
Белгородская область,2019,1.0
Брянская область,2019,0.5
Владимирская область,2019,0.9
Воронежская область,2019,1.5
Ивановская область,2019,0.8
Калужская область,2019,1.5
Костромская область,2019,1.0
Курская область,2019,0.8
Липецкая область,2019,0.8
Московская область,2019,4.7
Орловская область,2019,1.1
Рязанская область,2019,0.8
Смоленская область,2019,0.3
Тамбовская область,2019,1.0
Тверская область,2019,0.9
Тульская область,2019,0.5
Ярославская область,2019,0.5
г.Москва,2019,4.3
Северо-Западный федеральный округ,2019,2.7
Республика Карелия,2019,1.1
Республика Коми,2019,0.2
Архангельская область,2019,1.7
Ненецкий автономный округ (Архангельская область),2019,1.9
Архангельская область (кроме Ненецкого автономного округа),2019,1.7
Вологодская область,2019,1.5
Калининградская область,2019,0.5
Ленинградская область,2019,1.4
Мурманская область,2019,0.9
Новгородская область,2019,1.1
Псковская область,2019,0.9
г. Санкт-Петербург,2019,4.5
Южный федеральный округ,2019,0.9
Республика Адыгея,2019,1.0
Республика Калмыкия,2019,0.1
Республика Крым,2019,1.0
Краснодарский край,2019,0.7
Астраханская область,2019,0.4
Волгоградская область,2019,1.7
Ростовская область,2019,0.8
г. Севастополь,2019,2.9
Северо-Кавказский федеральный округ,2019,0.3
Республика Дагестан,2019,0.1
Республика Ингушетия,2019,0.0
Кабардино-Балкарская Республика,2019,0.1
Карачаево-Черкесская Республика,2019,0.2
Республика Северная Осетия -Алания,2019,0.2
Чеченская Республика,2019,0.0
Ставропольский край,2019,0.7
Приволжский федеральный округ,2019,1.1
Республика Башкортостан,2019,0.2
Республика Марий Эл,2019,0.8
Республика Мордовия,2019,0.7
Республика Татарстан,2019,2.0
Удмуртская Республика,2019,0.5
Чувашская Республика,2019,1.0
Пермский край,2019,0.8
Кировская область,2019,0.9
Нижегородская область,2019,2.2
Оренбургская область,2019,0.3
Пензенская область,2019,0.3
Самарская область,2019,1.2
Саратовская область,2019,0.8
Ульяновская область,2019,0.4
Уральский федеральный округ,2019,1.3
Курганская область,2019,0.7
Свердловская область,2019,2.3
Тюменская область,2019,0.4
в том числе: Ханты-Мансийский авт. округ,2019,0.4
Ямало-Ненецкий авт. округ,2019,0.4
Тюменская область без авт. округов,2019,0.5
Челябинская область,2019,0.9
Сибирский федеральный округ1),2019,1.9
Республика Алтай,2019,1.0
Республика Тыва,2019,1.1
Республика Хакасия,2019,0.3
Алтайский край,2019,0.8
Красноярский край,2019,1.6
Иркутская область,2019,0.4
Кемеровская область - Кузбасс,2019,1.0
Новосибирская область,2019,5.3
Омская область,2019,1.1
Томская область,2019,3.3
Дальневосточный федеральный округ1),2019,0.4
Республика Бурятия,2019,0.1
Республика Саха (Якутия),2019,0.1
Забайкальский край,2019,0.2
Камчатский край,2019,0.3
Приморский край,2019,0.8
Хабаровский край,2019,0.6
Амурская область,2019,0.6
Магаданская область,2019,0.3
Сахалинская область,2019,0.3
Еврейская авт.область,2019,0.3
Центральный федеральный округ,2020,6.1
Белгородская область,2020,2.1
Брянская область,2020,1.3
Владимирская область,2020,1.5
Воронежская область,2020,2.4
Ивановская область,2020,2.0
Калужская область,2020,2.0
Костромская область,2020,2.1
Курская область,2020,1.6
Липецкая область,2020,2.3
Московская область,2020,6.2
Орловская область,2020,2.1
Рязанская область,2020,1.3
Смоленская область,2020,1.3
Тамбовская область,2020,2.3
Тверская область,2020,1.8
Тульская область,2020,1.2
Ярославская область,2020,1.3
г.Москва,2020,9.3
Северо-Западный федеральный округ,2020,4.4
Республика Карелия,2020,1.4
Республика Коми,2020,1.0
Архангельская область,2020,3.0
Ненецкий автономный округ (Архангельская область),2020,2.4
Архангельская область (кроме Ненецкого автономного округа),2020,3.0
Вологодская область,2020,2.9
Калининградская область,2020,1.4
Ленинградская область,2020,2.3
Мурманская область,2020,1.5
Новгородская область,2020,2.1
Псковская область,2020,1.1
г. Санкт-Петербург,2020,7.3
Южный федеральный округ,2020,2.8
Республика Адыгея,2020,2.6
Республика Калмыкия,2020,0.8
Республика Крым,2020,2.4
Краснодарский край,2020,2.9
Астраханская область,2020,0.9
Волгоградская область,2020,2.6
Ростовская область,2020,2.8
г. Севастополь,2020,7.8
Северо-Кавказский федеральный округ,2020,0.5
Республика Дагестан,2020,0.1
Республика Ингушетия,2020,0.1
Кабардино-Балкарская Республика,2020,0.3
Карачаево-Черкесская Республика,2020,0.6
Республика Северная Осетия -Алания,2020,0.5
Чеченская Республика,2020,0.0
Ставропольский край,2020,1.2
Приволжский федеральный округ,2020,2.5
Республика Башкортостан,2020,0.6
Республика Марий Эл,2020,1.9
Республика Мордовия,2020,1.1
Республика Татарстан,2020,3.8
Удмуртская Республика,2020,1.4
Чувашская Республика,2020,2.0
Пермский край,2020,2.4
Кировская область,2020,2.3
Нижегородская область,2020,3.9
Оренбургская область,2020,1.7
Пензенская область,2020,1.3
Самарская область,2020,3.2
Саратовская область,2020,2.7
Ульяновская область,2020,1.5
Уральский федеральный округ,2020,2.8
Курганская область,2020,1.7
Свердловская область,2020,4.1
Тюменская область,2020,1.4
в том числе: Ханты-Мансийский авт. округ,2020,1.4
Ямало-Ненецкий авт. округ,2020,1.4
Тюменская область без авт. округов,2020,1.5
Челябинская область,2020,2.8
Сибирский федеральный округ1),2020,3.2
Республика Алтай,2020,2.1
Республика Тыва,2020,1.4
Республика Хакасия,2020,0.7
Алтайский край,2020,2.1
Красноярский край,2020,2.0
Иркутская область,2020,1.3
Кемеровская область - Кузбасс,2020,1.3
Новосибирская область,2020,8.0
Омская область,2020,2.5
Томская область,2020,5.6
Дальневосточный федеральный округ1),2020,1.5
Республика Бурятия,2020,0.5
Республика Саха (Якутия),2020,2.0
Забайкальский край,2020,0.9
Камчатский край,2020,1.7
Приморский край,2020,1.7
Хабаровский край,2020,1.6
Амурская область,2020,1.8
Магаданская область,2020,1.5
Сахалинская область,2020,1.2
Еврейская авт.область,2020,0.9
Центральный федеральный округ,2021,7.0
Белгородская область,2021,3.5
Брянская область,2021,1.7
Владимирская область,2021,1.9
Воронежская область,2021,5.0
Ивановская область,2021,3.2
Калужская область,2021,3.1
Костромская область,2021,3.8
Курская область,2021,2.5
Липецкая область,2021,3.7
Московская область,2021,8.8
Орловская область,2021,4.2
Рязанская область,2021,1.6
Смоленская область,2021,1.6
Тамбовская область,2021,4.2
Тверская область,2021,1.7
Тульская область,2021,1.4
Ярославская область,2021,2.1
г.Москва,2021,9.2
Северо-Западный федеральный округ,2021,6.0
Республика Карелия,2021,1.9
Республика Коми,2021,4.8
Архангельская область,2021,5.2
Ненецкий автономный округ (Архангельская область),2021,3.1
Архангельская область (кроме Ненецкого автономного округа),2021,5.3
Вологодская область,2021,3.2
Калининградская область,2021,2.0
Ленинградская область,2021,4.1
Мурманская область,2021,1.9
Новгородская область,2021,3.4
Псковская область,2021,1.1
г. Санкт-Петербург,2021,8.8
Южный федеральный округ,2021,4.9
Республика Адыгея,2021,4.1
Республика Калмыкия,2021,0.8
Республика Крым,2021,5.9
Краснодарский край,2021,4.3
Астраханская область,2021,1.3
Волгоградская область,2021,4.3
Ростовская область,2021,6.2
г. Севастополь,2021,10.4
Северо-Кавказский федеральный округ,2021,0.9
Республика Дагестан,2021,0.1
Республика Ингушетия,2021,0.3
Кабардино-Балкарская Республика,2021,0.3
Карачаево-Черкесская Республика,2021,0.8
Республика Северная Осетия -Алания,2021,0.6
Чеченская Республика,2021,0.1
Ставропольский край,2021,2.3
Приволжский федеральный округ,2021,3.5
Республика Башкортостан,2021,0.8
Республика Марий Эл,2021,2.4
Республика Мордовия,2021,1.7
Республика Татарстан,2021,5.3
Удмуртская Республика,2021,1.9
Чувашская Республика,2021,3.1
Пермский край,2021,2.4
Кировская область,2021,3.8
Нижегородская область,2021,5.2
Оренбургская область,2021,3.5
Пензенская область,2021,1.8
Самарская область,2021,5.0
Саратовская область,2021,4.6
Ульяновская область,2021,2.3
Уральский федеральный округ,2021,4.8
Курганская область,2021,3.2
Свердловская область,2021,7.8
Тюменская область,2021,1.7
в том числе: Ханты-Мансийский авт. округ,2021,1.7
Ямало-Ненецкий авт. округ,2021,1.6
Тюменская область без авт. округов,2021,1.7
Челябинская область,2021,4.6
Сибирский федеральный округ1),2021,4.0
Республика Алтай,2021,3.8
Республика Тыва,2021,1.5
Республика Хакасия,2021,0.9
Алтайский край,2021,3.6
Красноярский край,2021,2.1
Иркутская область,2021,1.9
Кемеровская область - Кузбасс,2021,3.1
Новосибирская область,2021,8.6
Омская область,2021,3.4
Томская область,2021,5.6
Дальневосточный федеральный округ1),2021,1.6
Республика Бурятия,2021,0.5
Республика Саха (Якутия),2021,2.1
Забайкальский край,2021,0.9
Камчатский край,2021,1.5
Приморский край,2021,1.6
Хабаровский край,2021,2.2
Амурская область,2021,2.4
Магаданская область,2021,1.3
Сахалинская область,2021,1.2
Еврейская авт.область,2021,1.0
Центральный федеральный округ,2022,7.9
Белгородская область,2022,4.0
Брянская область,2022,4.3
Владимирская область,2022,2.4
Воронежская область,2022,5.8
Ивановская область,2022,3.3
Калужская область,2022,4.0
Костромская область,2022,5.0
Курская область,2022,3.5
Липецкая область,2022,4.9
Московская область,2022,10.1
Орловская область,2022,4.8
Рязанская область,2022,2.0
Смоленская область,2022,1.8
Тамбовская область,2022,5.2
Тверская область,2022,1.8
Тульская область,2022,1.6
Ярославская область,2022,2.5
г.Москва,2022,10.3
Северо-Западный федеральный округ,2022,8.7
Республика Карелия,2022,2.5
Республика Коми,2022,4.8
Архангельская область,2022,6.0
Ненецкий автономный округ (Архангельская область),2022,2.4
Архангельская область (кроме Ненецкого автономного округа),2022,6.2
Вологодская область,2022,3.4
Калининградская область,2022,1.7
Ленинградская область,2022,6.5
Мурманская область,2022,4.6
Новгородская область,2022,4.1
Псковская область,2022,1.9
г. Санкт-Петербург,2022,13.5
Южный федеральный округ,2022,5.2
Республика Адыгея,2022,4.3
Республика Калмыкия,2022,1.0
Республика Крым,2022,6.3
Краснодарский край,2022,4.6
Астраханская область,2022,1.6
Волгоградская область,2022,5.2
Ростовская область,2022,6.5
г. Севастополь,2022,7.6
Северо-Кавказский федеральный округ,2022,1.3
Республика Дагестан,2022,0.1
Республика Ингушетия,2022,0.3
Кабардино-Балкарская Республика,2022,0.2
Карачаево-Черкесская Республика,2022,0.9
Республика Северная Осетия -Алания,2022,0.6
Чеченская Республика,2022,0.1
Ставропольский край,2022,4.0
Приволжский федеральный округ,2022,4.5
Республика Башкортостан,2022,1.2
Республика Марий Эл,2022,3.4
Республика Мордовия,2022,5.8
Республика Татарстан,2022,6.4
Удмуртская Республика,2022,4.1
Чувашская Республика,2022,4.0
Пермский край,2022,3.3
Кировская область,2022,5.5
Нижегородская область,2022,6.3
Оренбургская область,2022,3.9
Пензенская область,2022,2.0
Самарская область,2022,5.9
Саратовская область,2022,5.3
Ульяновская область,2022,4.5
Уральский федеральный округ,2022,6.2
Курганская область,2022,3.4
Свердловская область,2022,9.0
Тюменская область,2022,3.2
в том числе: Ханты-Мансийский авт. округ,2022,3.1
Ямало-Ненецкий авт. округ,2022,3.0
Тюменская область без авт. округов,2022,3.5
Челябинская область,2022,6.2
Сибирский федеральный округ1),2022,5.1
Республика Алтай,2022,6.4
Республика Тыва,2022,2.0
Республика Хакасия,2022,0.8
Алтайский край,2022,5.7
Красноярский край,2022,2.4
Иркутская область,2022,2.5
Кемеровская область - Кузбасс,2022,6.3
Новосибирская область,2022,8.7
Омская область,2022,4.7
Томская область,2022,5.8
Дальневосточный федеральный округ1),2022,1.8
Республика Бурятия,2022,0.4
Республика Саха (Якутия),2022,2.3
Забайкальский край,2022,0.8
Камчатский край,2022,1.5
Приморский край,2022,2.2
Хабаровский край,2022,2.4
Амурская область,2022,2.7
Магаданская область,2022,1.1
Сахалинская область,2022,1.3
Еврейская авт.область,2022,1.0
Центральный федеральный округ,2023,10.7
Белгородская область,2023,4.3
Брянская область,2023,4.8
Владимирская область,2023,4.1
Воронежская область,2023,6.1
Ивановская область,2023,4.8
Калужская область,2023,4.8
Костромская область,2023,5.3
Курская область,2023,4.6
Липецкая область,2023,5.4
Московская область,2023,10.6
Орловская область,2023,6.0
Рязанская область,2023,4.3
Смоленская область,2023,2.7
Тамбовская область,2023,4.6
Тверская область,2023,4.1
Тульская область,2023,4.4
Ярославская область,2023,8.3
г.Москва,2023,15.5
Северо-Западный федеральный округ,2023,12.3
Республика Карелия,2023,4.3
Республика Коми,2023,6.0
Архангельская область,2023,7.6
Ненецкий автономный округ (Архангельская область),2023,3.1
Архангельская область (кроме Ненецкого автономного округа),2023,7.8
Вологодская область,2023,5.5
Калининградская область,2023,2.0
Ленинградская область,2023,6.8
Мурманская область,2023,8.3
Новгородская область,2023,5.8
Псковская область,2023,2.3
г. Санкт-Петербург,2023,19.0
Южный федеральный округ,2023,6.3
Республика Адыгея,2023,7.0
Республика Калмыкия,2023,36.5
Республика Крым,2023,6.4
Краснодарский край,2023,5.1
Астраханская область,2023,1.9
Волгоградская область,2023,6.4
Ростовская область,2023,7.4
г. Севастополь,2023,7.1
Северо-Кавказский федеральный округ,2023,1.9
Республика Дагестан,2023,0.2
Республика Ингушетия,2023,0.3
Кабардино-Балкарская Республика,2023,0.3
Карачаево-Черкесская Республика,2023,1.0
Республика Северная Осетия -Алания,2023,1.4
Чеченская Республика,2023,0.2
Ставропольский край,2023,5.3
Приволжский федеральный округ,2023,6.0
Республика Башкортостан,2023,5.7
Республика Марий Эл,2023,3.1
Республика Мордовия,2023,8.8
Республика Татарстан,2023,7.5
Удмуртская Республика,2023,8.9
Чувашская Республика,2023,4.6
Пермский край,2023,3.7
Кировская область,2023,7.1
Нижегородская область,2023,5.9
Оренбургская область,2023,5.1
Пензенская область,2023,3.7
Самарская область,2023,6.1
Саратовская область,2023,6.6
Ульяновская область,2023,5.9
Уральский федеральный округ,2023,8.1
Курганская область,2023,4.0
Свердловская область,2023,10.0
Тюменская область,2023,6.3
в том числе: Ханты-Мансийский авт. округ,2023,5.9
Ямало-Ненецкий авт. округ,2023,6.4
Тюменская область без авт. округов,2023,6.7
Челябинская область,2023,8.7
Сибирский федеральный округ1),2023,6.4
Республика Алтай,2023,7.0
Республика Тыва,2023,3.7
Республика Хакасия,2023,2.6
Алтайский край,2023,6.0
Красноярский край,2023,4.5
Иркутская область,2023,4.0
Кемеровская область - Кузбасс,2023,7.8
Новосибирская область,2023,10.1
Омская область,2023,5.8
Томская область,2023,6.2
Дальневосточный федеральный округ1),2023,3.6
Республика Бурятия,2023,0.8
Республика Саха (Якутия),2023,4.4
Забайкальский край,2023,1.0
Камчатский край,2023,1.8
Приморский край,2023,6.2
Хабаровский край,2023,4.0
Амурская область,2023,4.3
Магаданская область,2023,1.4
Сахалинская область,2023,1.6
Еврейская авт.область,2023,1.1
